{
   "name": {
      "@id": "CO3102",
      "#text": "Mobile and Web Applications"
   },
   "teacher": {
      "@id": "yh37",
      "name": "Y Hong"
   },
   "students": [
      {
         "@id": "ls1",
         "name": "Lisa Simpson",
         "cw1": "30",
         "project": "80",
         "final": "85"
      },
      {
         "@id": "bs1",
         "name": "Bart Simson",
         "cw1": "80",
         "project": "100",
         "final": "82"
      },
      {
         "@id": "hs1",
         "name": "Homer Simpson",
         "cw1": "60",
         "project": "50",
         "final": "90"
      }
   ]
}